{"cameraMode":{"drawMode":0,"name":"Shaded","section":"Shading Mode"},"sceneLighting":false,"audioPlay":false,"sceneViewState":{"showFog":true,"showMaterialUpdate":false,"showSkybox":false,"showFlares":true,"showImageEffects":true,"showParticleSystems":true,"showVisualEffectGraphs":true,"m_FxEnabled":true},"in2DMode":false,"pivot":{"x":0.2889089286327362,"y":1.1697461605072022,"z":0.7437195181846619},"rotation":{"x":-0.06773664802312851,"y":0.7192710638046265,"z":-0.07076038420200348,"w":-0.6880113482475281},"size":0.6560646295547485,"orthographic":false}